Date,announce_date,effective_date,Country,Security_Name,Security_Ticker,Change_Type,from,to,source_file,flags
2/1/17,2/9/17,2/28/17,USA,ADVANCED MICRO DEVICES,"ADVANCED MICRO DEVICES, INC. (XNAS:AMD)",PROMOTION,small_cap,standard,MSCI_Feb17_SCPublicList.pdf;MSCI_Feb17_STPublicList.pdf,
2/1/17,2/9/17,2/28/17,USA,ENDO INTERNATIONAL,ENDO INTERNATIONAL (XNAS:ENDP),DEMOTION,standard,small_cap,MSCI_Feb17_SCPublicList.pdf;MSCI_Feb17_STPublicList.pdf,
5/1/17,5/15/17,5/31/17,USA,ALLEGION,ALLEGION PUBLIC LIMITED COMPANY (XNYS:ALLE),ADD,none,standard,MSCI_May17_STPublicList.pdf,
5/1/17,5/15/17,5/31/17,USA,AMERICAN FINANCIAL GROUP,"AMERICAN FINANCIAL GROUP, INC. (XNYS:AFGB)",ADD,none,standard,MSCI_May17_STPublicList.pdf,
5/1/17,5/15/17,5/31/17,USA,ARISTA NETWORKS,"ARISTA NETWORKS, INC. (XNYS:ANET)",ADD,none,standard,MSCI_May17_STPublicList.pdf,
5/1/17,5/15/17,5/31/17,USA,ATHENE HLDG LTD CLASS A,ATHENE HOLDING LTD. (XNYS:ATHS),ADD,none,standard,MSCI_May17_STPublicList.pdf,
5/1/17,5/15/17,5/31/17,USA,CALPINE CORP,Calpine Corporation (XNYS: CPN),DEL,standard,none,MSCI_May17_STPublicList.pdf,
5/1/17,5/15/17,5/31/17,USA,CBOE HOLDINGS,CBOE HOLDINGS (XNAS:CBOE),ADD,none,standard,MSCI_May17_STPublicList.pdf,
5/1/17,5/15/17,5/31/17,USA,COMMSCOPE HOLDING COMPANY,"COMMSCOPE HOLDING COMPANY, INC. (XNAS: COMM)",ADD,none,standard,MSCI_May17_STPublicList.pdf,
5/1/17,5/15/17,5/31/17,USA,DUN & BRADSTREET CORP,DUN & BRADSTREET CORP (XNYS: DNB),DEL,standard,none,MSCI_May17_STPublicList.pdf,
5/1/17,5/15/17,5/31/17,USA,EAST WEST BANCORP,"EAST WEST BANCORP, INC. (XNAS:EWBC)",ADD,none,standard,MSCI_May17_STPublicList.pdf,
5/1/17,5/15/17,5/31/17,USA,EDGEWELL PERSONAL CARE,Edgewell Personal Care Company (XNYS:EPC),DEL,standard,none,MSCI_May17_STPublicList.pdf,
5/1/17,5/15/17,5/31/17,USA,FRONTIER COMMUNICATIONS,FRONTIER COMMUNICATIONS (XNAS:FTR),DEL,standard,none,MSCI_May17_STPublicList.pdf,
5/1/17,5/15/17,5/31/17,USA,HD SUPPLY HOLDINGS,HD SUPPLY HOLDINGS (XNAS:HDS),ADD,none,standard,MSCI_May17_STPublicList.pdf,
5/1/17,5/15/17,5/31/17,USA,HENRY (JACK) & ASSOCIATE,HENRY (JACK) & ASSOCIATE (XNAS:JKHY),ADD,none,standard,MSCI_May17_STPublicList.pdf,
5/1/17,5/15/17,5/31/17,USA,IDEX CORP,IDEX METALS CORP. (XTSX:IDEX),ADD,none,standard,MSCI_May17_STPublicList.pdf,
5/1/17,5/15/17,5/31/17,USA,LEIDOS HOLDINGS,"LEIDOS HOLDINGS, INC. (XNYS:LDOS)",ADD,none,standard,MSCI_May17_STPublicList.pdf,
5/1/17,5/15/17,5/31/17,USA,LENNOX INTERNATIONAL,LENNOX INTERNATIONAL INC. (XNYS:LII),ADD,none,standard,MSCI_May17_STPublicList.pdf,
5/1/17,5/15/17,5/31/17,USA,LIBERTY LILAC C,LIBERTY LILAC C (XNAS:LILAK),DEL,standard,none,MSCI_May17_STPublicList.pdf,
5/1/17,5/15/17,5/31/17,USA,RITE AID CORP,RITE AID CORP (XNYS:RAD),DEL,standard,none,MSCI_May17_STPublicList.pdf,
5/1/17,5/15/17,5/31/17,USA,ROLLINS,"ROLLINS,INC. (XNYS:ROL)",ADD,none,standard,MSCI_May17_STPublicList.pdf,
5/1/17,5/15/17,5/31/17,USA,SOUTHWESTERN ENERGY CO,SOUTHWESTERN ENERGY CO (XNYS:SWN),DEL,standard,none,MSCI_May17_STPublicList.pdf,
5/1/17,5/15/17,5/31/17,USA,SS&C TECHNOLOGIES HLDGS,SS&C TECHNOLOGIES HLDGS (XNAS:SSNC),ADD,none,standard,MSCI_May17_STPublicList.pdf,
5/1/17,5/15/17,5/31/17,USA,STEEL DYNAMICS,"STEEL DYNAMICS, INC. (XNAS:STLD)",ADD,none,standard,MSCI_May17_STPublicList.pdf,
5/1/17,5/15/17,5/31/17,USA,SVB FINANCIAL GROUP,SVB FINANCIAL GROUP (XNAS:SIVB),ADD,none,standard,MSCI_May17_STPublicList.pdf,
5/1/17,5/15/17,5/31/17,USA,TESARO,TESARO (XNAS:TSRO),ADD,none,standard,MSCI_May17_STPublicList.pdf,
5/1/17,5/15/17,5/31/17,USA,VAIL RESORTS,"VAIL RESORTS, INC. (XNYS:MTN)",ADD,none,standard,MSCI_May17_STPublicList.pdf,
5/1/17,5/15/17,5/31/17,USA,VEEVA SYSTEMS A,VEEVA SYSTEMS INC. (XNYS:VEEV),ADD,none,standard,MSCI_May17_STPublicList.pdf,
5/1/17,5/15/17,5/31/17,USA,ZIONS BANCORP,"ZIONS BANCORPORATION, NATIONAL ASSOCIATION (XNAS:ZIONP)",ADD,none,standard,MSCI_May17_STPublicList.pdf,
11/1/17,11/13/17,11/30/17,USA,ALNYLAM PHARMACEUTICALS,"ALNYLAM PHARMACEUTICALS, INC. (XNAS:ALNY)",PROMOTION,small_cap,standard,MSCI_Nov17_SCPublicList.pdf;MSCI_Nov17_STPublicList.pdf,
11/1/17,11/13/17,11/30/17,USA,BED BATH & BEYOND,"BED BATH & BEYOND, INC. (XNYS:BBBY)",DEL,standard,none,MSCI_Nov17_STPublicList.pdf,
11/1/17,11/13/17,11/30/17,USA,CHEMOURS CO,THE CHEMOURS COMPANY (XNYS:CC),ADD,none,standard,MSCI_Nov17_STPublicList.pdf,
11/1/17,11/13/17,11/30/17,USA,COGNEX CORP,COGNEX CORPORATION (XNAS:CGNX),ADD,none,standard,MSCI_Nov17_STPublicList.pdf,
11/1/17,11/13/17,11/30/17,USA,CORE LABORATORIES,CORE LABORATORIES INC. (XNYS:CLB),DEL,standard,none,MSCI_Nov17_STPublicList.pdf,
11/1/17,11/13/17,11/30/17,USA,DEXCOM,"DEXCOM, INC. (XNAS:DXCM)",DEL,standard,none,MSCI_Nov17_STPublicList.pdf,
11/1/17,11/13/17,11/30/17,USA,DICKS SPORTING GOODS,DICKS SPORTING GOODS (XNYS:DKS),DEL,standard,none,MSCI_Nov17_STPublicList.pdf,
11/1/17,11/13/17,11/30/17,USA,FOOT LOCKER,"FOOT LOCKER, INC. (XNYS:FL)",DEL,standard,none,MSCI_Nov17_STPublicList.pdf,
11/1/17,11/13/17,11/30/17,USA,IAC/INTERACTIVECORP A,IAC/INTERACTIVECORP A (XNAS:IAC),ADD,none,standard,MSCI_Nov17_STPublicList.pdf,
11/1/17,11/13/17,11/30/17,USA,IPG PHOTONICS,IPG PHOTONICS CORPORATION (XNAS:IPGP),ADD,none,standard,MSCI_Nov17_STPublicList.pdf,
11/1/17,11/13/17,11/30/17,USA,LIBERTY FORMULA ONE C,LIBERTY ENERGY INC. (XNYS:LBRT),ADD,none,standard,MSCI_Nov17_STPublicList.pdf,
11/1/17,11/13/17,11/30/17,USA,LIVE NATION ENTMT,LIVE NATION ENTMT (XNYS:LYV),ADD,none,standard,MSCI_Nov17_STPublicList.pdf,
11/1/17,11/13/17,11/30/17,USA,MALLINCKRODT,MALLINCKRODT (XNYS:MNK),DEL,standard,none,MSCI_Nov17_STPublicList.pdf,
11/1/17,11/13/17,11/30/17,USA,MEDNAX,MEDNAX (XNYS:MD),DEL,standard,none,MSCI_Nov17_STPublicList.pdf,
11/1/17,11/13/17,11/30/17,USA,MURPHY OIL CORP,MURPHY OIL CORPORATION (XNYS:MUR),DEL,standard,none,MSCI_Nov17_STPublicList.pdf,
11/1/17,11/13/17,11/30/17,USA,NAVIENT CORP,NAVIENT CORPORATION (XNAS:NAVI),DEL,standard,none,MSCI_Nov17_STPublicList.pdf,
11/1/17,11/13/17,11/30/17,USA,NUANCE COMMUNICATIONS,NUANCE COMMUNICATIONS (XNAS:NUAN),DEL,standard,none,MSCI_Nov17_STPublicList.pdf,
11/1/17,11/13/17,11/30/17,USA,OLD DOMINION FREIGHT LINE,"OLD DOMINION FREIGHT LINE, INC. (XNAS:ODFL)",ADD,none,standard,MSCI_Nov17_STPublicList.pdf,
11/1/17,11/13/17,11/30/17,USA,OWENS CORNING,OWENS CORNING (XNYS:OC),ADD,none,standard,MSCI_Nov17_STPublicList.pdf,
11/1/17,11/13/17,11/30/17,USA,"PATTERSON COMPANIES, INC.","PATTERSON COMPANIES, INC. (XNAS:PDCO)",DEL,standard,none,MSCI_Nov17_STPublicList.pdf,
11/1/17,11/13/17,11/30/17,USA,SIGNET JEWELERS (US),SIGNET JEWELERS LIMITED (XNYS:SIG),DEL,standard,none,MSCI_Nov17_STPublicList.pdf,
11/1/17,11/13/17,11/30/17,USA,SPIRIT AEROSYSTEMS A,SPIRIT AEROSYSTEMS A (XNYS:SPR),ADD,none,standard,MSCI_Nov17_STPublicList.pdf,
11/1/17,11/13/17,11/30/17,USA,"SQUARE, INC.","SQUARE, INC. (XNYS:SQ)",ADD,none,standard,MSCI_Nov17_STPublicList.pdf,
11/1/17,11/13/17,11/30/17,USA,"TAKE-TWO INTERACTIVE SOF, INC.","TAKE-TWO INTERACTIVE SOF, INC. (XNAS:TTWO)",ADD,none,standard,MSCI_Nov17_STPublicList.pdf,
11/1/17,11/13/17,11/30/17,USA,TRANSUNION,TRANSUNION (XNYS:TRU),ADD,none,standard,MSCI_Nov17_STPublicList.pdf,
11/1/17,11/13/17,11/30/17,USA,VISTRA ENERGY,VISTRA ENERGY (XNYS:VST),ADD,none,standard,MSCI_Nov17_STPublicList.pdf,
11/1/17,11/13/17,11/30/17,USA,WEATHERFORD INTL,WEATHERFORD INTERNATIONAL PUBLIC LIMITED COMPANY (XNAS:WFRD),DEL,standard,none,MSCI_Nov17_STPublicList.pdf,
5/1/18,5/14/18,5/31/18,USA,ABIOMED,ABIOMED (XNAS:ABMD),PROMOTION,small_cap,standard,MSCI_May18_SCPublicList.pdf;MSCI_May18_STPublicList.pdf,
5/1/18,5/14/18,5/31/18,USA,AUTONATION,"AUTONATION, INC. (XNYS:AN)",DEMOTION,standard,small_cap,MSCI_May18_SCPublicList.pdf;MSCI_May18_STPublicList.pdf,
5/1/18,5/14/18,5/31/18,USA,BRIXMOR PROPERTY GROUP,BRIXMOR PROPERTY GROUP INC. (XNYS:BRX),DEMOTION,standard,small_cap,MSCI_May18_SCPublicList.pdf;MSCI_May18_STPublicList.pdf,
5/1/18,5/14/18,5/31/18,USA,COLONY NORTHSTAR A,COLONY NORTHSTAR A (XNYS:CLNS),DEMOTION,standard,small_cap,MSCI_May18_SCPublicList.pdf;MSCI_May18_STPublicList.pdf,
5/1/18,5/14/18,5/31/18,USA,COPART,"COPART, INC. (XNAS:CPRT)",PROMOTION,small_cap,standard,MSCI_May18_SCPublicList.pdf;MSCI_May18_STPublicList.pdf,
5/1/18,5/14/18,5/31/18,USA,ENVISION HEALTHCARE CORP,ENVISION HEALTHCARE CORP (XNYS:EVHC),DEMOTION,standard,small_cap,MSCI_May18_SCPublicList.pdf;MSCI_May18_STPublicList.pdf,
5/1/18,5/14/18,5/31/18,USA,GODADDY A,GODADDY INC. (XNYS:GDDY),PROMOTION,small_cap,standard,MSCI_May18_SCPublicList.pdf;MSCI_May18_STPublicList.pdf,
5/1/18,5/14/18,5/31/18,USA,KEYSIGHT TECHNOLOGIES,"KEYSIGHT TECHNOLOGIES, INC. (XNYS:KEYS)",PROMOTION,small_cap,standard,MSCI_May18_SCPublicList.pdf;MSCI_May18_STPublicList.pdf,
5/1/18,5/14/18,5/31/18,USA,MACQUARIE INFRA CORP,MACQUARIE INFRASTRUCTURE CORPORATION (XNYS:MIC),DEMOTION,standard,small_cap,MSCI_May18_SCPublicList.pdf;MSCI_May18_STPublicList.pdf,
5/1/18,5/14/18,5/31/18,USA,NEKTAR THERAPEUTICS,NEKTAR THERAPEUTICS (XNAS:NKTR),PROMOTION,small_cap,standard,MSCI_May18_SCPublicList.pdf;MSCI_May18_STPublicList.pdf,
5/1/18,5/14/18,5/31/18,USA,ON SEMICONDUCTOR CORP,ON SEMICONDUCTOR CORPORATION (XNAS:ON),PROMOTION,small_cap,standard,MSCI_May18_SCPublicList.pdf;MSCI_May18_STPublicList.pdf,
5/1/18,5/14/18,5/31/18,USA,RANGE RESOURCES CORP,RANGE RESOURCES CORPORATION (XNYS:RRC),DEL,standard,none,MSCI_May18_STPublicList.pdf,
5/1/18,5/14/18,5/31/18,USA,SPECTRUM BRANDS,SPECTRUM BRANDS HOLDINGS INC. (XNYS:SPB),DEL,standard,none,MSCI_May18_STPublicList.pdf,
5/1/18,5/14/18,5/31/18,USA,TESARO,"TESARO, INC. (XNAS:TSRO)",DEL,standard,none,MSCI_May18_STPublicList.pdf,
5/1/18,5/14/18,5/31/18,USA,WESTLAKE CHEMICAL CORP,WESTLAKE CHEMICAL CORP (XNYS:WLK),ADD,none,standard,MSCI_May18_STPublicList.pdf,
5/1/18,5/14/18,5/31/18,USA,WR GRACE & CO,WR GRACE & CO (XNYS:GRA),DEL,standard,none,MSCI_May18_STPublicList.pdf,
5/1/18,5/14/18,5/31/18,USA,XPO LOGISTICS,XPO LOGISTICS (XNYS:XPO),PROMOTION,small_cap,standard,MSCI_May18_SCPublicList.pdf;MSCI_May18_STPublicList.pdf,
11/1/18,11/13/18,11/30/18,USA,AGCO CORP,AGCO CORPORATION (XNYS:AGCO),DEMOTION,standard,small_cap,MSCI_Nov18_SCPublicList.pdf;MSCI_Nov18_STPublicList.pdf,
11/1/18,11/13/18,11/30/18,USA,AVNET,"AVNET, INC. (XNAS:AVT)",DEMOTION,standard,small_cap,MSCI_Nov18_SCPublicList.pdf;MSCI_Nov18_STPublicList.pdf,
11/1/18,11/13/18,11/30/18,USA,AXA EQUITABLE HOLDINGS,AXA EQUITABLE HOLDINGS (XNYS:EQH),ADD,none,standard,MSCI_Nov18_STPublicList.pdf,
11/1/18,11/13/18,11/30/18,USA,AXIS CAPITAL HOLDINGS,AXIS CAPITAL HOLDINGS LIMITED (XNYS:AXS),DEL,standard,none,MSCI_Nov18_STPublicList.pdf,
11/1/18,11/13/18,11/30/18,USA,BURLINGTON STORES,"BURLINGTON STORES, INC. (XNYS:BURL)",PROMOTION,small_cap,standard,MSCI_Nov18_SCPublicList.pdf;MSCI_Nov18_STPublicList.pdf,
11/1/18,11/13/18,11/30/18,USA,DEXCOM,"DEXCOM, INC. (XNAS:DXCM)",PROMOTION,small_cap,standard,MSCI_Nov18_SCPublicList.pdf;MSCI_Nov18_STPublicList.pdf,
11/1/18,11/13/18,11/30/18,USA,GRUBHUB,GRUBHUB (XNYS:GRUB),PROMOTION,small_cap,standard,MSCI_Nov18_SCPublicList.pdf;MSCI_Nov18_STPublicList.pdf,
11/1/18,11/13/18,11/30/18,USA,KKR & CO,KKR & CO. INC. (XNYS:KKR),ADD,none,standard,MSCI_Nov18_STPublicList.pdf,
11/1/18,11/13/18,11/30/18,USA,LAMB WESTON HOLDINGS,"LAMB WESTON HOLDINGS, INC. (XNYS:LW)",PROMOTION,small_cap,standard,MSCI_Nov18_SCPublicList.pdf;MSCI_Nov18_STPublicList.pdf,
11/1/18,11/13/18,11/30/18,USA,NEW YORK COMMUNITY BANCORP,NEW YORK COMMUNITY BANCORP (XNYS:FLG),DEL,standard,none,MSCI_Nov18_STPublicList.pdf,
11/1/18,11/13/18,11/30/18,USA,NEWFIELD EXPLORATION CO,NEWFIELD EXPLORATION CO (XNYS:NFX),DEL,standard,none,MSCI_Nov18_STPublicList.pdf,
11/1/18,11/13/18,11/30/18,USA,NRG ENERGY,"NRG ENERGY, INC. (XNYS:NRG)",ADD,none,standard,MSCI_Nov18_STPublicList.pdf,
11/1/18,11/13/18,11/30/18,USA,STERICYCLE,STERICYCLE (XNAS:SRCL),DEL,standard,none,MSCI_Nov18_STPublicList.pdf,
11/1/18,11/13/18,11/30/18,USA,TOLL BROTHERS,"TOLL BROTHERS, INC. (XNYS:TOL)",DEL,standard,none,MSCI_Nov18_STPublicList.pdf,
11/1/18,11/13/18,11/30/18,USA,WAYFAIR A,WAYFAIR INC. (XNYS:W),ADD,none,standard,MSCI_Nov18_STPublicList.pdf,
11/1/18,11/13/18,11/30/18,USA,WELLCARE HEALTH PLANS,WELLCARE HEALTH PLANS (XNYS:WCG),ADD,none,standard,MSCI_Nov18_STPublicList.pdf,
2/1/19,2/11/19,2/28/19,USA,ALTICE USA A,ALTICE USA A (XNYS:OPTU),ADD,none,standard,MSCI_Feb19_STPublicList.pdf,
2/1/19,2/11/19,2/28/19,USA,ANTERO RESOURCES,ANTERO RESOURCES CORPORATION (XNYS:AR),DEMOTION,standard,small_cap,MSCI_Feb19_SCPublicList.pdf;MSCI_Feb19_STPublicList.pdf,
2/1/19,2/11/19,2/28/19,USA,KKR & CO,KKR & CO (XNYS:KKR),ADD,none,standard,MSCI_Feb19_STPublicList.pdf,
2/1/19,2/11/19,2/28/19,USA,TABLEAU SOFTWARE A,TABLEAU SOFTWARE A (XNYS:DATA),PROMOTION,small_cap,standard,MSCI_Feb19_SCPublicList.pdf;MSCI_Feb19_STPublicList.pdf,
5/1/19,5/13/19,5/28/19,USA,BROOKFIELD PPTY REIT A,BROOKFIELD PPTY REIT A (XNAS:BPYU),DEL,standard,none,MSCI_May19_STPublicList.pdf,
5/1/19,5/13/19,5/28/19,USA,DOCUSIGN,"DOCUSIGN, INC. (XNAS:DOCU)",ADD,none,standard,MSCI_May19_STPublicList.pdf,
5/1/19,5/13/19,5/28/19,USA,DROPBOX A,"DROPBOX, INC. (XNAS:DBX)",ADD,none,standard,MSCI_May19_STPublicList.pdf,
5/1/19,5/13/19,5/28/19,USA,EPAM SYSTEMS,"EPAM SYSTEMS, INC. (XNYS:EPAM)",PROMOTION,small_cap,standard,MSCI_May19_SCPublicList.pdf;MSCI_May19_STPublicList.pdf,
5/1/19,5/13/19,5/28/19,USA,EQUITY LIFESTYLE PPTYS,EQUITY LIFESTYLE PPTYS (XNYS:ELS),PROMOTION,small_cap,standard,MSCI_May19_SCPublicList.pdf;MSCI_May19_STPublicList.pdf,
5/1/19,5/13/19,5/28/19,USA,ERIE INDEMNITY CO A,ERIE INDEMNITY CO A (XNAS:ERIE),PROMOTION,small_cap,standard,MSCI_May19_SCPublicList.pdf;MSCI_May19_STPublicList.pdf,
5/1/19,5/13/19,5/28/19,USA,EXACT SCIENCES CORP,EXACT SCIENCES CORPORATION (XNAS:EXAS),PROMOTION,small_cap,standard,MSCI_May19_SCPublicList.pdf;MSCI_May19_STPublicList.pdf,
5/1/19,5/13/19,5/28/19,USA,FACTSET RESEARCH SYSTEMS,FACTSET RESEARCH SYSTEMS INC. (XNYS:FDS),PROMOTION,small_cap,standard,MSCI_May19_SCPublicList.pdf;MSCI_May19_STPublicList.pdf,
5/1/19,5/13/19,5/28/19,USA,GOODYEAR TIRE & RUBBER,THE GOODYEAR TIRE & RUBBER COMPANY (XNAS:GT),DEMOTION,standard,small_cap,MSCI_May19_SCPublicList.pdf;MSCI_May19_STPublicList.pdf,
5/1/19,5/13/19,5/28/19,USA,HEICO CORP A,HEICO CORPORATION (XNYS:HEI.A),PROMOTION,small_cap,standard,MSCI_May19_SCPublicList.pdf;MSCI_May19_STPublicList.pdf,
5/1/19,5/13/19,5/28/19,USA,IONIS PHARMACEUTICALS,"IONIS PHARMACEUTICALS, INC. (XNAS:IONS)",PROMOTION,small_cap,standard,MSCI_May19_SCPublicList.pdf;MSCI_May19_STPublicList.pdf,
5/1/19,5/13/19,5/28/19,USA,MARKETAXESS HLDGS,MARKETAXESS HLDGS (XNAS:MKTX),PROMOTION,small_cap,standard,MSCI_May19_SCPublicList.pdf;MSCI_May19_STPublicList.pdf,
5/1/19,5/13/19,5/28/19,USA,MATTEL,"MATTEL, INC. (XNAS:MAT)",DEMOTION,standard,small_cap,MSCI_May19_SCPublicList.pdf;MSCI_May19_STPublicList.pdf,
5/1/19,5/13/19,5/28/19,USA,MONGODB A,"MONGODB, INC. (XNAS:MDB)",ADD,none,standard,MSCI_May19_STPublicList.pdf,
5/1/19,5/13/19,5/28/19,USA,OKTA,"OKTA, INC. (XNAS:OKTA)",ADD,none,standard,MSCI_May19_STPublicList.pdf,
5/1/19,5/13/19,5/28/19,USA,PAYCOM SOFTWARE,"PAYCOM SOFTWARE, INC. (XNYS:PAYC)",PROMOTION,small_cap,standard,MSCI_May19_SCPublicList.pdf;MSCI_May19_STPublicList.pdf,
5/1/19,5/13/19,5/28/19,USA,PERKINELMER,PERKINELMER (XNYS:PKI),PROMOTION,small_cap,standard,MSCI_May19_SCPublicList.pdf;MSCI_May19_STPublicList.pdf,
5/1/19,5/13/19,5/28/19,USA,SNAP A,SNAP INC. (XNYS:SNAP),ADD,none,standard,MSCI_May19_STPublicList.pdf,
5/1/19,5/13/19,5/28/19,USA,STERIS,STERIS PUBLIC LIMITED COMPANY (XNYS:STE),PROMOTION,small_cap,standard,MSCI_May19_SCPublicList.pdf;MSCI_May19_STPublicList.pdf,
5/1/19,5/13/19,5/28/19,USA,SUN COMMUNITIES,"SUN COMMUNITIES, INC. (XNYS:SUI)",PROMOTION,small_cap,standard,MSCI_May19_SCPublicList.pdf;MSCI_May19_STPublicList.pdf,
5/1/19,5/13/19,5/28/19,USA,TWILIO A,TWILIO INC. (XNYS:TWLO),PROMOTION,small_cap,standard,MSCI_May19_SCPublicList.pdf;MSCI_May19_STPublicList.pdf,
5/1/19,5/13/19,5/28/19,USA,ULTIMATE SOFTWARE GROUP,ULTIMATE SOFTWARE GROUP (XNAS:ULTI),PROMOTION,small_cap,standard,MSCI_May19_SCPublicList.pdf;MSCI_May19_STPublicList.pdf,
5/1/19,5/13/19,5/28/19,USA,UNITED THERAPEUTICS CORP,UNITED THERAPEUTICS CORPORATION (XNAS:UTHR),DEL,standard,none,MSCI_May19_STPublicList.pdf,
5/1/19,5/13/19,5/28/19,USA,ZEBRA TECHNOLOGIES A,ZEBRA TECHNOLOGIES A (XNAS:ZBRA),PROMOTION,small_cap,standard,MSCI_May19_SCPublicList.pdf;MSCI_May19_STPublicList.pdf,
8/1/19,8/7/19,8/27/19,USA,CHEMOURS CO,THE CHEMOURS COMPANY (XNYS:CC),DEMOTION,standard,small_cap,MSCI_Aug19_SCPublicList.pdf;MSCI_Aug19_STPublicList.pdf,
8/1/19,8/7/19,8/27/19,USA,COMMSCOPE HOLDING CO,COMMSCOPE HOLDING CO (XNAS:COMM),DEMOTION,standard,small_cap,MSCI_Aug19_SCPublicList.pdf;MSCI_Aug19_STPublicList.pdf,
8/1/19,8/7/19,8/27/19,USA,ROKU A,"ROKU, INC. (XNAS:ROKU)",PROMOTION,small_cap,standard,MSCI_Aug19_SCPublicList.pdf;MSCI_Aug19_STPublicList.pdf,
8/1/19,8/7/19,8/27/19,USA,SAREPTA THERAPEUTICS,"SAREPTA THERAPEUTICS, INC. (XNAS:SRPT)",PROMOTION,small_cap,standard,MSCI_Aug19_SCPublicList.pdf;MSCI_Aug19_STPublicList.pdf,
11/1/19,11/7/19,11/26/19,USA,AFFILIATED MANAGERS GRP,"AFFILIATED MANAGERS GROUP, INC. (XFRA:AFS)",DEMOTION,standard,small_cap,MSCI_Nov19_SCPublicList.pdf;MSCI_Nov19_STPublicList.pdf,
11/1/19,11/7/19,11/26/19,USA,ALKERMES,ALKERMES PUBLIC LIMITED COMPANY (XNAS:ALKS),DEMOTION,standard,small_cap,MSCI_Nov19_SCPublicList.pdf;MSCI_Nov19_STPublicList.pdf,
11/1/19,11/7/19,11/26/19,USA,BIO-RAD LABORATORIES A,BIO-RAD LABORATORIES A (XNYS:BIO),ADD,none,standard,MSCI_Nov19_STPublicList.pdf,
11/1/19,11/7/19,11/26/19,USA,BLACK KNIGHT,BLACK KNIGHT (XNYS:BKI),ADD,none,standard,MSCI_Nov19_STPublicList.pdf,
11/1/19,11/7/19,11/26/19,USA,BLACKSTONE GROUP,BLACKSTONE GROUP (XNYS:BX),ADD,none,standard,MSCI_Nov19_STPublicList.pdf,
11/1/19,11/7/19,11/26/19,USA,BLOCK (H&R),BLOCK (H&R) (XNYS:HRB),DEMOTION,standard,small_cap,MSCI_Nov19_SCPublicList.pdf;MSCI_Nov19_STPublicList.pdf,
11/1/19,11/7/19,11/26/19,USA,BOOZ ALLEN HAMILTON A,BOOZ ALLEN HAMILTON A (XNYS:BAH),ADD,none,standard,MSCI_Nov19_STPublicList.pdf,
11/1/19,11/7/19,11/26/19,USA,BRIGHTHOUSE FINANCIAL,"Brighthouse Financial, Inc. (XNAS:BHFAN)",DEL,standard,none,MSCI_Nov19_STPublicList.pdf,
11/1/19,11/7/19,11/26/19,USA,BROWN & BROWN,"BROWN & BROWN, INC. (XNYS:BRO)",ADD,none,standard,MSCI_Nov19_STPublicList.pdf,
11/1/19,11/7/19,11/26/19,USA,CIMAREX ENERGY CO,CIMAREX ENERGY CO (XNYS:XEC),DEL,standard,none,MSCI_Nov19_STPublicList.pdf,
11/1/19,11/7/19,11/26/19,USA,CIT GROUP,CIT GROUP (XNYS:CIT),DEL,standard,none,MSCI_Nov19_STPublicList.pdf,
11/1/19,11/7/19,11/26/19,USA,FLUOR CORP,FLUOR CORPORATION. (XNYS:FLR),DEL,standard,none,MSCI_Nov19_STPublicList.pdf,
11/1/19,11/7/19,11/26/19,USA,GUIDEWIRE SOFTWARE,"GUIDEWIRE SOFTWARE, INC. (XNYS:GWRE)",ADD,none,standard,MSCI_Nov19_STPublicList.pdf,
11/1/19,11/7/19,11/26/19,USA,HELMERICH & PAYNE,HELMERICH & PAYNE (XNYS:HP,DEL,standard,none,MSCI_Nov19_STPublicList.pdf,
11/1/19,11/7/19,11/26/19,USA,INSULET CORP,INSULET CORPORATION (XNAS:PODD),ADD,none,standard,MSCI_Nov19_STPublicList.pdf,
11/1/19,11/7/19,11/26/19,USA,L BRANDS,L BRANDS (XNYS:BBWI),DEL,standard,none,MSCI_Nov19_STPublicList.pdf,
11/1/19,11/7/19,11/26/19,USA,MACERICH CO,THE MACERICH COMPANY (XNYS:MAC),DEL,standard,none,MSCI_Nov19_STPublicList.pdf,
11/1/19,11/7/19,11/26/19,USA,MACY'S,"MACY'S, INC. (XNYS:M)",DEL,standard,none,MSCI_Nov19_STPublicList.pdf,
11/1/19,11/7/19,11/26/19,USA,MATCH GROUP,"MATCH GROUP, INC. (XNAS:MTCH)",ADD,none,standard,MSCI_Nov19_STPublicList.pdf,
11/1/19,11/7/19,11/26/19,USA,MEDICAL PROPERTIES TRUST,"MEDICAL PROPERTIES TRUST, INC. (XNYS:MPT)",ADD,none,standard,MSCI_Nov19_STPublicList.pdf,
11/1/19,11/7/19,11/26/19,USA,NEKTAR THERAPEUTICS,NEKTAR THERAPEUTICS (XNAS:NKTR),DEL,standard,none,MSCI_Nov19_STPublicList.pdf,
11/1/19,11/7/19,11/26/19,USA,NEUROCRINE BIOSCIENCES,"NEUROCRINE BIOSCIENCES, INC. (XNAS:NBIX)",ADD,none,standard,MSCI_Nov19_STPublicList.pdf,
11/1/19,11/7/19,11/26/19,USA,OMEGA HEALTHCARE INVESTOR,OMEGA HEALTHCARE INVESTOR (XNYS:OHI),ADD,none,standard,MSCI_Nov19_STPublicList.pdf,
11/1/19,11/7/19,11/26/19,USA,PARSLEY ENERGY A,PARSLEY ENERGY A (XNYS:PE),DEL,standard,none,MSCI_Nov19_STPublicList.pdf,
11/1/19,11/7/19,11/26/19,USA,PINTEREST A,"PINTEREST, INC. (XNYS:PINS)",ADD,none,standard,MSCI_Nov19_STPublicList.pdf,
5/1/20,5/12/20,5/29/20,USA,ACUITY BRANDS,ACUITY BRANDS (XNYS:AYI),DEMOTION,standard,small_cap,MSCI_May20_SCPublicList.pdf;MSCI_May20_STPublicList.pdf,
5/1/20,5/12/20,5/29/20,USA,ALLIANCE DATA SYSTEMS,ALLIANCE DATA SYSTEMS (XNYS:ADS),DEMOTION,standard,small_cap,MSCI_May20_SCPublicList.pdf;MSCI_May20_STPublicList.pdf,
5/1/20,5/12/20,5/29/20,USA,AMERICAN AIRLINES GROUP,AMERICAN AIRLINES GROUP INC. (XNAS:AAL),DEMOTION,standard,small_cap,MSCI_May20_SCPublicList.pdf;MSCI_May20_STPublicList.pdf,
5/1/20,5/12/20,5/29/20,USA,APACHE CORP,APACHE CORP (XNAS:APA),DEMOTION,standard,small_cap,MSCI_May20_SCPublicList.pdf;MSCI_May20_STPublicList.pdf,
5/1/20,5/12/20,5/29/20,USA,APOLLO GLOBAL MGMT A,APOLLO GLOBAL MGMT A (XNYS:APO),ADD,none,standard,MSCI_May20_STPublicList.pdf,
5/1/20,5/12/20,5/29/20,USA,AVALARA,AVALARA (XNYS:AVLR),ADD,none,standard,MSCI_May20_STPublicList.pdf,
5/1/20,5/12/20,5/29/20,USA,AVANTOR,"AVANTOR, INC. (XNYS:AVTR)",ADD,none,standard,MSCI_May20_STPublicList.pdf,
5/1/20,5/12/20,5/29/20,USA,CABLE ONE,"CABLE ONE, INC. (XNYS:CABO)",PROMOTION,small_cap,standard,MSCI_May20_SCPublicList.pdf;MSCI_May20_STPublicList.pdf,
8/1/20,8/12/20,8/31/20,USA,HOLLYFRONTIER,HOLLYFRONTIER (XNYS:HFC),DEMOTION,standard,small_cap,MSCI_Aug20_SCPublicList.pdf;MSCI_Aug20_STPublicList.pdf,
8/1/20,8/12/20,8/31/20,USA,P G & E CORP,P G & E CORP (XNYS:PCG),ADD,none,standard,MSCI_Aug20_STPublicList.pdf,
8/1/20,8/12/20,8/31/20,USA,PELOTON INTERACTIVE A,"PELOTON INTERACTIVE, INC. (XNAS:PTON)",ADD,none,standard,MSCI_Aug20_STPublicList.pdf,
8/1/20,8/12/20,8/31/20,USA,ZSCALER,"ZSCALER, INC. (XNAS:ZS)",PROMOTION,small_cap,standard,MSCI_Aug20_SCPublicList.pdf;MSCI_Aug20_STPublicList.pdf,
11/1/20,11/10/20,11/30/20,USA,10X GENOMICS A,"10X GENOMICS, INC. (XNAS:TXG)",ADD,none,standard,MSCI_Nov20_STPublicList.pdf,
11/1/20,11/10/20,11/30/20,USA,CARVANA A,CARVANA CO. (XNYS:CVNA),PROMOTION,small_cap,standard,MSCI_Nov20_SCPublicList.pdf;MSCI_Nov20_STPublicList.pdf,
11/1/20,11/10/20,11/30/20,USA,CDK GLOBAL HOLDINGS,CDK GLOBAL HOLDINGS (XNAS:CDK),DEL,standard,none,MSCI_Nov20_STPublicList.pdf,
11/1/20,11/10/20,11/30/20,USA,CERIDIAN HCM HOLDING,CERIDIAN HCM HOLDING (XNYS:DAY),PROMOTION,small_cap,standard,MSCI_Nov20_SCPublicList.pdf;MSCI_Nov20_STPublicList.pdf,
11/1/20,11/10/20,11/30/20,USA,CHEWY A,"CHEWY, INC. (XNYS:CHWY)",ADD,none,standard,MSCI_Nov20_STPublicList.pdf,
11/1/20,11/10/20,11/30/20,USA,CLOUDFLARE A,"CLOUDFLARE, INC. (XNYS:NET)",ADD,none,standard,MSCI_Nov20_STPublicList.pdf,
11/1/20,11/10/20,11/30/20,USA,COMERICA,COMERICA INCORPORATED (XNYS:CMA PR B),DEL,standard,none,MSCI_Nov20_STPublicList.pdf,
11/1/20,11/10/20,11/30/20,USA,DIAMONDBACK ENERGY,"DIAMONDBACK ENERGY, INC. (XNAS:FANG)",DEL,standard,none,MSCI_Nov20_STPublicList.pdf,
11/1/20,11/10/20,11/30/20,USA,DRAFTKINGS A,DRAFTKINGS INC. (XNAS:DKNG),ADD,none,standard,MSCI_Nov20_STPublicList.pdf,
11/1/20,11/10/20,11/30/20,USA,EAST WEST BANCORP,"EAST WEST BANCORP, INC. (XNAS:EWBC)",DEL,standard,none,MSCI_Nov20_STPublicList.pdf,
11/1/20,11/10/20,11/30/20,USA,ENPHASE ENERGY,"ENPHASE ENERGY, INC. (XNAS:ENPH)",ADD,none,standard,MSCI_Nov20_STPublicList.pdf,
11/1/20,11/10/20,11/30/20,USA,ETSY,"ETSY, INC. (XNYS:ETSY)",ADD,none,standard,MSCI_Nov20_STPublicList.pdf,
11/1/20,11/10/20,11/30/20,USA,FEDERAL REALTY INV TRUST,FEDERAL REALTY INV TRUST (XNYS:FRT),DEL,standard,none,MSCI_Nov20_STPublicList.pdf,
11/1/20,11/10/20,11/30/20,USA,FLIR SYSTEMS,FLIR SYSTEMS (XNAS:FLIR),DEL,standard,none,MSCI_Nov20_STPublicList.pdf,
11/1/20,11/10/20,11/30/20,USA,GENERAC HOLDINGS,GENERAC HOLDINGS INC. (XNYS:GNRC),ADD,none,standard,MSCI_Nov20_STPublicList.pdf,
11/1/20,11/10/20,11/30/20,USA,HORIZON THERAPEUTICS PLC,HORIZON THERAPEUTICS PLC (XNAS:HZNP),ADD,none,standard,MSCI_Nov20_STPublicList.pdf,
11/1/20,11/10/20,11/30/20,USA,HUBSPOT,"HUBSPOT, INC. (XNYS:HUBS)",ADD,none,standard,MSCI_Nov20_STPublicList.pdf,
11/1/20,11/10/20,11/30/20,USA,INGREDION INC,INGREDION INCORPORATED (XNYS:INGR),DEL,standard,none,MSCI_Nov20_STPublicList.pdf,
11/1/20,11/10/20,11/30/20,USA,JONES LANG LASALLE,JONES LANG LASALLE INCORPORATED (XNYS:JLL),DEL,standard,none,MSCI_Nov20_STPublicList.pdf,
11/1/20,11/10/20,11/30/20,USA,LIVONGO HEALTH,LIVONGO HEALTH (XNAS:LVGO),ADD,none,standard,MSCI_Nov20_STPublicList.pdf,
11/1/20,11/10/20,11/30/20,USA,MONOLITHIC POWER SYSTEMS,"MONOLITHIC POWER SYSTEMS, INC. (XNAS:MPWR)",ADD,none,standard,MSCI_Nov20_STPublicList.pdf,
11/1/20,11/10/20,11/30/20,USA,MYOKARDIA,MYOKARDIA (XNAS:MYOK),ADD,none,standard,MSCI_Nov20_STPublicList.pdf,
11/1/20,11/10/20,11/30/20,USA,NATIONAL OILWELL VARCO,NATIONAL OILWELL VARCO (XNYS:NOV),DEL,standard,none,MSCI_Nov20_STPublicList.pdf,
11/1/20,11/10/20,11/30/20,USA,NATIONAL RETAIL PPTYS,NATIONAL RETAIL PPTYS (XNYS:NNN),DEL,standard,none,MSCI_Nov20_STPublicList.pdf,
11/1/20,11/10/20,11/30/20,USA,NIELSEN HOLDINGS PLC,NIELSEN HOLDINGS PLC (XNYS:NLSN),DEL,standard,none,MSCI_Nov20_STPublicList.pdf,
11/1/20,11/10/20,11/30/20,USA,NOVOCURE,NOVOCURE LIMITED (XNAS:NVCR),ADD,none,standard,MSCI_Nov20_STPublicList.pdf,
11/1/20,11/10/20,11/30/20,USA,PEOPLES UNITED FINANCIAL,PEOPLES BANCORP INC. (XNAS:PEBO),DEL,standard,none,MSCI_Nov20_STPublicList.pdf,
11/1/20,11/10/20,11/30/20,USA,POOL CORP,POOL CORPORATION (XNAS:POOL),ADD,none,standard,MSCI_Nov20_STPublicList.pdf,
11/1/20,11/10/20,11/30/20,USA,RALPH LAUREN CORP A,RALPH LAUREN CORP A (XNYS:RL),DEL,standard,none,MSCI_Nov20_STPublicList.pdf,
11/1/20,11/10/20,11/30/20,USA,ROYALTY PHARMA A,ROYALTY PHARMA PLC (XNAS:RPRX),ADD,none,standard,MSCI_Nov20_STPublicList.pdf,
11/1/20,11/10/20,11/30/20,USA,SIGNATURE BANK,Signature Bank (XNAS:SBNY),DEL,standard,none,MSCI_Nov20_STPublicList.pdf,
11/1/20,11/10/20,11/30/20,USA,SOLAREDGE TECHNOLOGIES,"SOLAREDGE TECHNOLOGIES, INC. (XNAS:SEDG)",ADD,none,standard,MSCI_Nov20_STPublicList.pdf,
11/1/20,11/10/20,11/30/20,USA,ZENDESK,"ZENDESK, INC. (XNYS:ZEN)",ADD,none,standard,MSCI_Nov20_STPublicList.pdf,
11/1/20,11/10/20,11/30/20,USA,ZILLOW GROUP A,"ZILLOW GROUP, INC. (XNAS:ZG)",ADD,none,standard,MSCI_Nov20_STPublicList.pdf,
11/1/20,11/10/20,11/30/20,USA,ZIONS BANCORP,"ZIONS BANCORPORATION, NATIONAL ASSOCIATION (XNAS:ZIONP)",DEL,standard,none,MSCI_Nov20_STPublicList.pdf,
2/1/21,2/9/21,2/26/21,USA,AIRBNB A,"AIRBNB, INC. (XNAS:ABNB)",ADD,none,standard,MSCI_Feb21_STPublicList.pdf,
2/1/21,2/9/21,2/26/21,USA,PERRIGO,PERRIGO COMPANY PUBLIC LIMITED COMPANY (XNYS:PRGO),DEMOTION,standard,small_cap,MSCI_Feb21_SCPublicList.pdf;MSCI_Feb21_STPublicList.pdf,
2/1/21,2/9/21,2/26/21,USA,PLUG POWER,PLUG POWER INC. (XNAS:PLUG),PROMOTION,small_cap,standard,MSCI_Feb21_SCPublicList.pdf;MSCI_Feb21_STPublicList.pdf,
5/1/21,5/11/21,5/27/21,USA,AXALTA COATING SYSTEMS,AXALTA COATING SYSTEMS LTD. (XNYS:AXTA),DEL,standard,none,MSCI_May21_STPublicList.pdf,
5/1/21,5/11/21,5/27/21,USA,BENTLEY SYSTEMS B,BENTLEY SYSTEMS B (XNAS:BSY),ADD,none,standard,MSCI_May21_STPublicList.pdf,
5/1/21,5/11/21,5/27/21,USA,BIO-TECHNE CORP,BIO-TECHNE CORPORATION (XNAS:TECH),PROMOTION,small_cap,standard,MSCI_May21_SCPublicList.pdf;MSCI_May21_STPublicList.pdf,
5/1/21,5/11/21,5/27/21,USA,BOSTON BEER A,"THE BOSTON BEER COMPANY, INC. (XNYS:SAM)",PROMOTION,small_cap,standard,MSCI_May21_SCPublicList.pdf;MSCI_May21_STPublicList.pdf,
5/1/21,5/11/21,5/27/21,USA,CABOT OIL & GAS CORP,CABOT OIL & GAS CORP (XNYS:COG),DEL,standard,none,MSCI_May21_STPublicList.pdf,
5/1/21,5/11/21,5/27/21,USA,CAESARS ENT INC,CAESARS ENT INC (XNAS:CZR),ADD,none,standard,MSCI_May21_STPublicList.pdf,
5/1/21,5/11/21,5/27/21,USA,CHARLES RIVER LABS INTL,CHARLES RIVER LABS INTL (XNYS:CRL),ADD,none,standard,MSCI_May21_STPublicList.pdf,
5/1/21,5/11/21,5/27/21,USA,CLARIVATE,CLARIVATE Plc (XNYS:CLVT),ADD,none,standard,MSCI_May21_STPublicList.pdf,
5/1/21,5/11/21,5/27/21,USA,IONIS PHARMACEUTICALS,"IONIS PHARMACEUTICALS, INC. (XNAS:IONS)",DEL,standard,none,MSCI_May21_STPublicList.pdf,
5/1/21,5/11/21,5/27/21,USA,L BRANDS,L BRANDS (XNYS:BBWI),ADD,none,standard,MSCI_May21_STPublicList.pdf,
5/1/21,5/11/21,5/27/21,USA,LYFT A,"LYFT, INC. (XNAS:LYFT)",ADD,none,standard,MSCI_May21_STPublicList.pdf,
5/1/21,5/11/21,5/27/21,USA,NOVAVAX,"NOVAVAX, INC. (XNAS:NVAX)",ADD,none,standard,MSCI_May21_STPublicList.pdf,
5/1/21,5/11/21,5/27/21,USA,OAK STREET HEALTH,OAK STREET HEALTH (XNYS:OSH),ADD,none,standard,MSCI_May21_STPublicList.pdf,
5/1/21,5/11/21,5/27/21,USA,OGE ENERGY CORP,OGE ENERGY CORP. (XNYS:OGE),DEL,standard,none,MSCI_May21_STPublicList.pdf,
5/1/21,5/11/21,5/27/21,USA,PALANTIR TECHNOLOGIES A,PALANTIR TECHNOLOGIES INC. (XNAS:PLTR),ADD,none,standard,MSCI_May21_STPublicList.pdf,
5/1/21,5/11/21,5/27/21,USA,SAREPTA THERAPEUTICS,"SAREPTA THERAPEUTICS, INC. (XNAS:SRPT)",DEL,standard,none,MSCI_May21_STPublicList.pdf,
5/1/21,5/11/21,5/27/21,USA,UNITY SOFTWARE,Unity Software Inc (XNYS:U),ADD,none,standard,MSCI_May21_STPublicList.pdf,
8/1/21,8/11/21,8/31/21,USA,AMC ENTERTAINMENT HLDG A,AMC ENTERTAINMENT HLDG A (XNAS:AMC),PROMOTION,small_cap,standard,MSCI_Aug21_SCPublicList.pdf;MSCI_Aug21_STPublicList.pdf,
8/1/21,8/11/21,8/31/21,USA,DOORDASH A,"DOORDASH, INC. (XNAS:DASH)",ADD,none,standard,MSCI_Aug21_STPublicList.pdf,
11/1/21,11/11/21,11/30/21,USA,AFFIRM HOLDINGS A,"AFFIRM HOLDINGS, INC. (XNAS:AFRM)",ADD,none,standard,MSCI_Nov21_STPublicList.pdf,
11/1/21,11/11/21,11/30/21,USA,ALTICE USA A,ALTICE USA A (XNYS:OPTU),DEL,standard,none,MSCI_Nov21_STPublicList.pdf,
11/1/21,11/11/21,11/30/21,USA,ASANA A,"ASANA, INC. (XNYS:ASAN)",ADD,none,standard,MSCI_Nov21_STPublicList.pdf,
11/1/21,11/11/21,11/30/21,USA,AUTOLIV,"AUTOLIV, INC. (XNYS:ALV)",DEL,standard,none,MSCI_Nov21_STPublicList.pdf,
11/1/21,11/11/21,11/30/21,USA,BILL.COM HOLDINGS,BILL.COM HOLDINGS (XNYS:BILL),ADD,none,standard,MSCI_Nov21_STPublicList.pdf,
11/1/21,11/11/21,11/30/21,USA,BOSTON BEER A,"THE BOSTON BEER COMPANY, INC. (XNYS:SAM)",DEL,standard,none,MSCI_Nov21_STPublicList.pdf,
11/1/21,11/11/21,11/30/21,USA,COINBASE GLOBAL A,COINBASE GLOBAL A (XNAS:COIN),ADD,none,standard,MSCI_Nov21_STPublicList.pdf,
11/1/21,11/11/21,11/30/21,USA,DIAMONDBACK ENERGY,"DIAMONDBACK ENERGY, INC. (XNAS:FANG)",ADD,none,standard,MSCI_Nov21_STPublicList.pdf,
11/1/21,11/11/21,11/30/21,USA,ENTEGRIS,"ENTEGRIS, INC. (XNAS:ENTG)",ADD,none,standard,MSCI_Nov21_STPublicList.pdf,
11/1/21,11/11/21,11/30/21,USA,LAMB WESTON HOLDINGS,"LAMB WESTON HOLDINGS, INC. (XNYS:LW)",DEL,standard,none,MSCI_Nov21_STPublicList.pdf,
11/1/21,11/11/21,11/30/21,USA,LUCID GROUP A,"LUCID GROUP, INC. (XNAS:LCID)",ADD,none,standard,MSCI_Nov21_STPublicList.pdf,
11/1/21,11/11/21,11/30/21,USA,NUANCE COMMUNICATIONS,NUANCE COMMUNICATIONS (XNAS:NUAN),ADD,none,standard,MSCI_Nov21_STPublicList.pdf,
11/1/21,11/11/21,11/30/21,USA,OMEGA HEALTHCARE INVESTO,OMEGA HEALTHCARE INVESTOR (XNYS:OHI),DEL,standard,none,MSCI_Nov21_STPublicList.pdf,
11/1/21,11/11/21,11/30/21,USA,PINNACLE WEST CAPITAL,PINNACLE WEST CAPITAL CORPORATION (XNYS:PNW),DEL,standard,none,MSCI_Nov21_STPublicList.pdf,
11/1/21,11/11/21,11/30/21,USA,RENAISSANCERE HOLDINGS,RENAISSANCERE HOLDINGS LTD. (XNYS:RNR),DEL,standard,none,MSCI_Nov21_STPublicList.pdf,
11/1/21,11/11/21,11/30/21,USA,ROBINHOOD MARKETS A,"ROBINHOOD MARKETS, INC. (XNAS:HOOD)",ADD,none,standard,MSCI_Nov21_STPublicList.pdf,
11/1/21,11/11/21,11/30/21,USA,SIGNATURE BANK,Signature Bank (OTCM:SBNYL),ADD,none,standard,MSCI_Nov21_STPublicList.pdf,
11/1/21,11/11/21,11/30/21,USA,SOFI TECHNOLOGIES,"SOFI TECHNOLOGIES, INC. (XNAS:SOFI)",ADD,none,standard,MSCI_Nov21_STPublicList.pdf,
11/1/21,11/11/21,11/30/21,USA,UPSTART HOLDINGS,Upstart Holdings Inc (XNAS:UPST),ADD,none,standard,MSCI_Nov21_STPublicList.pdf,
11/1/21,11/11/21,11/30/21,USA,VOYA FINANCIAL,"VOYA FINANCIAL, INC. (XNYS:VOYA PR B)",DEL,standard,none,MSCI_Nov21_STPublicList.pdf,
11/1/21,11/11/21,11/30/21,USA,ZOOMINFO TECH A,ZOOMINFO TECH A (XNAS:GTM),ADD,none,standard,MSCI_Nov21_STPublicList.pdf,
2/1/22,2/9/22,2/28/22,USA,KIMCO REALTY CORP,KIMCO REALTY CORPORATION. (XNYS:KIM),PROMOTION,small_cap,standard,MSCI_Feb22_SCPublicList.pdf;MSCI_Feb22_STPublicList.pdf,
2/1/22,2/9/22,2/28/22,USA,OAK STREET HEALTH,OAK STREET HEALTH (XNYS:OSH),DEMOTION,standard,small_cap,MSCI_Feb22_SCPublicList.pdf;MSCI_Feb22_STPublicList.pdf,
5/1/22,5/12/22,5/31/22,USA,10X GENOMICS A,"10X GENOMICS, INC. (XNAS:TXG)",DEMOTION,standard,small_cap,MSCI_May22_SCPublicList.pdf;MSCI_May22_STPublicList.pdf,
5/1/22,5/12/22,5/31/22,USA,AGNC INVESTMENT CORP,AGNC INVESTMENT CORP. (XNAS:AGNC),DEMOTION,standard,small_cap,MSCI_May22_SCPublicList.pdf;MSCI_May22_STPublicList.pdf,
5/1/22,5/12/22,5/31/22,USA,ALCOA (NEW),ALCOA CORPORATION (XNYS:AA),PROMOTION,small_cap,standard,MSCI_May22_SCPublicList.pdf;MSCI_May22_STPublicList.pdf,
5/1/22,5/12/22,5/31/22,USA,AMERICAN HOMES 4 RENT A,AMERICAN HOMES 4 RENT A (XNYS:AMH),PROMOTION,small_cap,standard,MSCI_May22_SCPublicList.pdf;MSCI_May22_STPublicList.pdf,
5/1/22,5/12/22,5/31/22,USA,APA CORPORATION,APA CORPORATION (XNAS:APA),PROMOTION,small_cap,standard,MSCI_May22_SCPublicList.pdf;MSCI_May22_STPublicList.pdf,
5/1/22,5/12/22,5/31/22,USA,APPLOVIN CORP A,APPLOVIN CORP A (XNAS:APP),ADD,none,standard,MSCI_May22_STPublicList.pdf,
5/1/22,5/12/22,5/31/22,USA,ASANA A,"ASANA, INC. (XNYS:ASAN)",DEMOTION,standard,small_cap,MSCI_May22_SCPublicList.pdf;MSCI_May22_STPublicList.pdf,
5/1/22,5/12/22,5/31/22,USA,CLEVELAND CLIFFS,CLEVELAND-CLIFFS INC. (XNYS:CLF),PROMOTION,small_cap,standard,MSCI_May22_SCPublicList.pdf;MSCI_May22_STPublicList.pdf,
5/1/22,5/12/22,5/31/22,USA,DRAFTKINGS A,DRAFTKINGS INC. (XNAS:DKNG),DEL,standard,none,MSCI_May22_STPublicList.pdf,
5/1/22,5/12/22,5/31/22,USA,IPG PHOTONICS,IPG PHOTONICS CORPORATION (XNAS:IPGP),DEL,standard,none,MSCI_May22_STPublicList.pdf,
5/1/22,5/12/22,5/31/22,USA,LIBERTY BROADBAND A,LIBERTY BROADBAND CORPORATION (XNAS:LBRDA),DEL,standard,none,MSCI_May22_STPublicList.pdf,
5/1/22,5/12/22,5/31/22,USA,LPL FINANCIAL HOLDINGS,LPL FINANCIAL HOLDINGS INC. (XNAS:LPLA),ADD,none,standard,MSCI_May22_STPublicList.pdf,
5/1/22,5/12/22,5/31/22,USA,MARATHON OIL CORP,MARATHON OIL CORPORATION (XMEX:MRO*),ADD,none,standard,MSCI_May22_STPublicList.pdf,
5/1/22,5/12/22,5/31/22,USA,NOVAVAX,"NOVAVAX, INC. (XNAS:NVAX)",DEL,standard,none,MSCI_May22_STPublicList.pdf,
5/1/22,5/12/22,5/31/22,USA,ROBINHOOD MARKETS A,"ROBINHOOD MARKETS, INC. (XNAS:HOOD)",DEL,standard,none,MSCI_May22_STPublicList.pdf,
8/1/22,8/11/22,8/31/22,USA,CARLISLE COS,"CARLISLE COMPANIES, INC. (XNYS:CSL)",PROMOTION,small_cap,standard,MSCI_Aug22_SCPublicList.pdf;MSCI_Aug22_STPublicList.pdf,
8/1/22,8/11/22,8/31/22,USA,CARVANA A,CARVANA A (XNYS:CVNA),DEMOTION,standard,small_cap,MSCI_Aug22_SCPublicList.pdf;MSCI_Aug22_STPublicList.pdf,
8/1/22,8/11/22,8/31/22,USA,GAMING & LEISURE PPTYS,"Gaming and Leisure Properties, Inc. (XNAS:GLPI)",PROMOTION,small_cap,standard,MSCI_Aug22_SCPublicList.pdf;MSCI_Aug22_STPublicList.pdf,
8/1/22,8/11/22,8/31/22,USA,PELOTON INTERACTIVE A,"PELOTON INTERACTIVE, INC. (XNAS:PTON)",DEMOTION,standard,small_cap,MSCI_Aug22_SCPublicList.pdf;MSCI_Aug22_STPublicList.pdf,
8/1/22,8/11/22,8/31/22,USA,UPSTART HOLDINGS,Upstart Holdings Inc (XNAS:UPST),DEMOTION,standard,small_cap,MSCI_Aug22_SCPublicList.pdf;MSCI_Aug22_STPublicList.pdf,
11/1/22,11/10/22,11/30/22,USA,AMC ENTERTAINMENT HLDG A,AMC ENTERTAINMENT HLDG A (XNAS:AMC),DEMOTION,standard,small_cap,MSCI_Nov22_SCPublicList.pdf;MSCI_Nov22_STPublicList.pdf,
11/1/22,11/10/22,11/30/22,USA,AMC ENTMT HLDG PREF UNIT,AMC ENTMT HLDG PREF UNIT (XNYS:APE),DEMOTION,standard,small_cap,MSCI_Nov22_SCPublicList.pdf;MSCI_Nov22_STPublicList.pdf,
11/1/22,11/10/22,11/30/22,USA,APPLOVIN CORP A,APPLOVIN CORP A (XNAS:APP),DEMOTION,standard,small_cap,MSCI_Nov22_SCPublicList.pdf;MSCI_Nov22_STPublicList.pdf,
11/1/22,11/10/22,11/30/22,USA,ARES MANAGEMENT CORP,ARES MANAGEMENT CORPORATION (XNYS:ARES PR B),PROMOTION,small_cap,standard,MSCI_Nov22_SCPublicList.pdf;MSCI_Nov22_STPublicList.pdf,
11/1/22,11/10/22,11/30/22,USA,ASPEN TECHNOLOGY,ASPEN TECHNOLOGY (XNAS:AZPN),PROMOTION,small_cap,standard,MSCI_Nov22_SCPublicList.pdf;MSCI_Nov22_STPublicList.pdf,
11/1/22,11/10/22,11/30/22,USA,CABLE ONE,"CABLE ONE, INC. (XNYS:CABO)",DEMOTION,standard,small_cap,MSCI_Nov22_SCPublicList.pdf;MSCI_Nov22_STPublicList.pdf,
11/1/22,11/10/22,11/30/22,USA,CHESAPEAKE ENERGY CORP,CHESAPEAKE ENERGY CORP,PROMOTION,small_cap,standard,MSCI_Nov22_SCPublicList.pdf;MSCI_Nov22_STPublicList.pdf,
11/1/22,11/10/22,11/30/22,USA,CONTINENTAL RESOURCES,CONTINENTAL RESOURCES (XNYS:CLR),ADD,none,standard,MSCI_Nov22_STPublicList.pdf,
11/1/22,11/10/22,11/30/22,USA,COUPA SOFTWARE,COUPA SOFTWARE (XNAS:COUP),DEMOTION,standard,small_cap,MSCI_Nov22_SCPublicList.pdf;MSCI_Nov22_STPublicList.pdf,
11/1/22,11/10/22,11/30/22,USA,DARLING INGREDIENTS,DARLING INGREDIENTS INC. (XNYS:DAR),PROMOTION,small_cap,standard,MSCI_Nov22_SCPublicList.pdf;MSCI_Nov22_STPublicList.pdf,
11/1/22,11/10/22,11/30/22,USA,FERGUSON (US),FERGUSON ENTERPRISES INC. (XNYS:FERG),ADD,none,standard,MSCI_Nov22_STPublicList.pdf,
11/1/22,11/10/22,11/30/22,USA,FIRST HORIZON NATIONAL,FIRST HORIZON NATIONAL (XNYS:FHN),PROMOTION,small_cap,standard,MSCI_Nov22_SCPublicList.pdf;MSCI_Nov22_STPublicList.pdf,
11/1/22,11/10/22,11/30/22,USA,FIRST SOLAR,"FIRST SOLAR, INC. (XNAS:FSLR)",PROMOTION,small_cap,standard,MSCI_Nov22_SCPublicList.pdf;MSCI_Nov22_STPublicList.pdf,
11/1/22,11/10/22,11/30/22,USA,GUIDEWIRE SOFTWARE,"GUIDEWIRE SOFTWARE, INC. (XNYS:GWRE)",DEMOTION,standard,small_cap,MSCI_Nov22_SCPublicList.pdf;MSCI_Nov22_STPublicList.pdf,
11/1/22,11/10/22,11/30/22,USA,HF SINCLAIR,HF SINCLAIR CORPORATION (XNYS:DINO),PROMOTION,small_cap,standard,MSCI_Nov22_SCPublicList.pdf;MSCI_Nov22_STPublicList.pdf,
11/1/22,11/10/22,11/30/22,USA,HUBBELL,HUBBELL INCORPORATED (XNYS:HUBB),PROMOTION,small_cap,standard,MSCI_Nov22_SCPublicList.pdf;MSCI_Nov22_STPublicList.pdf,
11/1/22,11/10/22,11/30/22,USA,LAMB WESTON HOLDINGS,"LAMB WESTON HOLDINGS, INC. (XNYS:LW)",PROMOTION,small_cap,standard,MSCI_Nov22_SCPublicList.pdf;MSCI_Nov22_STPublicList.pdf,
11/1/22,11/10/22,11/30/22,USA,LYFT A,"LYFT, INC. (XNAS:LYFT)",DEMOTION,standard,small_cap,MSCI_Nov22_SCPublicList.pdf;MSCI_Nov22_STPublicList.pdf,
11/1/22,11/10/22,11/30/22,USA,OVINTIV(US),OVINTIV INC. (XNYS:OVV),PROMOTION,small_cap,standard,MSCI_Nov22_SCPublicList.pdf;MSCI_Nov22_STPublicList.pdf,
11/1/22,11/10/22,11/30/22,USA,PAYLOCITY HOLDING CORP,PAYLOCITY HOLDING CORPORATION (XNAS:PCTY),PROMOTION,small_cap,standard,MSCI_Nov22_SCPublicList.pdf;MSCI_Nov22_STPublicList.pdf,
11/1/22,11/10/22,11/30/22,USA,REPLIGEN CORP,REPLIGEN CORPORATION (XNAS:RGEN),PROMOTION,small_cap,standard,MSCI_Nov22_SCPublicList.pdf;MSCI_Nov22_STPublicList.pdf,
11/1/22,11/10/22,11/30/22,USA,RING CENTRAL A,RING ENERGY INC. (XNYS:REI),DEMOTION,standard,small_cap,MSCI_Nov22_SCPublicList.pdf;MSCI_Nov22_STPublicList.pdf,
11/1/22,11/10/22,11/30/22,USA,TELADOC HEALTH,"Teladoc Health, Inc. (XNYS:TDOC)",DEL,standard,none,MSCI_Nov22_STPublicList.pdf,
11/1/22,11/10/22,11/30/22,USA,TOAST A,"TOAST, INC. (XNYS:TOST)",ADD,none,standard,MSCI_Nov22_STPublicList.pdf,
11/1/22,11/10/22,11/30/22,USA,VORNADO REALTY TRUST,VORNADO REALTY TRUST (XNYS:VON),DEL,standard,none,MSCI_Nov22_STPublicList.pdf,
11/1/22,11/10/22,11/30/22,USA,WAYFAIR A,WAYFAIR INC. (XNYS:W),DEL,standard,none,MSCI_Nov22_STPublicList.pdf,
11/1/22,11/10/22,11/30/22,USA,WOLFSPEED,"WOLFSPEED, INC. (XNYS:WOLF)",ADD,none,standard,MSCI_Nov22_STPublicList.pdf,
5/1/23,5/11/23,5/31/23,USA,ALBERTSONS COMPANIES A,"ALBERTSONS COMPANIES, INC. (XNYS:ACI)",ADD,none,standard,MSCI_May23_STPublicList.pdf,
5/1/23,5/11/23,5/31/23,USA,BUILDERS FIRSTSOURCE,"BUILDERS FIRSTSOURCE, INC. (XNYS:BLDR)",PROMOTION,small_cap,standard,MSCI_May23_SCPublicList.pdf;MSCI_May23_STPublicList.pdf,
5/1/23,5/11/23,5/31/23,USA,DECKERS OUTDOOR CORP,DECKERS OUTDOOR CORPORATION (XNYS:DECK),ADD,none,standard,MSCI_May23_STPublicList.pdf,
5/1/23,5/11/23,5/31/23,USA,DICKS SPORTING GOODS,DICKS SPORTING GOODS (XNYS:DKS),ADD,none,standard,MSCI_May23_STPublicList.pdf,
5/1/23,5/11/23,5/31/23,USA,DISH NETWORK A,DISH NETWORK A (XNAS:DISH),DEMOTION,standard,small_cap,MSCI_May23_SCPublicList.pdf;MSCI_May23_STPublicList.pdf,
5/1/23,5/11/23,5/31/23,USA,ELANCO ANIMAL HEALTH,ELANCO ANIMAL HEALTH INCORPORATED (XNYS:ELAN),DEMOTION,standard,small_cap,MSCI_May23_SCPublicList.pdf;MSCI_May23_STPublicList.pdf,
5/1/23,5/11/23,5/31/23,USA,FIRST REPUBLIC BANK,FIRST REPUBLIC BANK (OTCM:FRCKL),DEMOTION,standard,small_cap,MSCI_May23_SCPublicList.pdf;MSCI_May23_STPublicList.pdf,
5/1/23,5/11/23,5/31/23,USA,HYATT HOTELS A,HYATT HOTELS CORPORATION (XNYS:H),ADD,none,standard,MSCI_May23_STPublicList.pdf,
5/1/23,5/11/23,5/31/23,USA,LATTICE SEMICONDUCTOR,LATTICE SEMICONDUCTOR CORPORATION (XNAS:LSCC),ADD,none,standard,MSCI_May23_STPublicList.pdf,
5/1/23,5/11/23,5/31/23,USA,LIBERTY SIRIUSXM A,LIBERTY SIRIUSXM A,DEL,standard,none,MSCI_May23_STPublicList.pdf,
5/1/23,5/11/23,5/31/23,USA,MEDICAL PROPERTIES TRUST,"MEDICAL PROPERTIES TRUST, INC. (XNYS:MPT)",DEMOTION,standard,small_cap,MSCI_May23_SCPublicList.pdf;MSCI_May23_STPublicList.pdf,
5/1/23,5/11/23,5/31/23,USA,NEWELL BRANDS,NEWELL BRANDS INC. (XNAS:NWL),DEL,standard,none,MSCI_May23_STPublicList.pdf,
5/1/23,5/11/23,5/31/23,USA,PLUG POWER,PLUG POWER INC. (XNAS:PLUG),DEL,standard,none,MSCI_May23_STPublicList.pdf,
5/1/23,5/11/23,5/31/23,USA,UIPATH A,"UIPATH, INC. (XNYS:PATH)",ADD,none,standard,MSCI_May23_STPublicList.pdf,
5/1/23,5/11/23,5/31/23,USA,WATSCO,"WATSCO, INC. (XNYS:WSO)",ADD,none,standard,MSCI_May23_STPublicList.pdf,
8/1/23,8/10/23,8/31/23,USA,ADVANCE AUTO PARTS,"ADVANCE AUTO PARTS, INC. (XNYS:AAP)",DEMOTION,standard,small_cap,MSCI_Aug23_SCPublicList.pdf;MSCI_Aug23_STPublicList.pdf,
8/1/23,8/10/23,8/31/23,USA,ALCOA (NEW),ALCOA CORPORATION (XNYS:AA),DEMOTION,standard,small_cap,MSCI_Aug23_SCPublicList.pdf;MSCI_Aug23_STPublicList.pdf,
8/1/23,8/10/23,8/31/23,USA,CONFLUENT A,"CONFLUENT, INC. (XNAS:CFLT)",ADD,none,standard,MSCI_Aug23_STPublicList.pdf,
8/1/23,8/10/23,8/31/23,USA,DRAFTKINGS A,DRAFTKINGS INC. (XNAS:DKNG),PROMOTION,small_cap,standard,MSCI_Aug23_SCPublicList.pdf;MSCI_Aug23_STPublicList.pdf,
8/1/23,8/10/23,8/31/23,USA,JABIL CIRCUIT,JABIL CIRCUIT (XNYS:JBL),PROMOTION,small_cap,standard,MSCI_Aug23_SCPublicList.pdf;MSCI_Aug23_STPublicList.pdf,
8/1/23,8/10/23,8/31/23,USA,LIBERTY GLOBAL A,LIBERTY GLOBAL A (XNAS:LBTYA),DEL,standard,none,MSCI_Aug23_STPublicList.pdf,
8/1/23,8/10/23,8/31/23,USA,MANHATTAN ASSOCIATES,"MANHATTAN ASSOCIATES, INC. (XNAS:MANH)",PROMOTION,small_cap,standard,MSCI_Aug23_SCPublicList.pdf;MSCI_Aug23_STPublicList.pdf,
8/1/23,8/10/23,8/31/23,USA,MASIMO,MASIMO CORPORATION (XNAS:MASI),DEMOTION,standard,small_cap,MSCI_Aug23_SCPublicList.pdf;MSCI_Aug23_STPublicList.pdf,
8/1/23,8/10/23,8/31/23,USA,NOVOCURE,NOVOCURE LIMITED (XNAS:NVCR),DEMOTION,standard,small_cap,MSCI_Aug23_SCPublicList.pdf;MSCI_Aug23_STPublicList.pdf,
8/1/23,8/10/23,8/31/23,USA,ROBINHOOD MARKETS A,"ROBINHOOD MARKETS, INC. (XNAS:HOOD)",ADD,none,standard,MSCI_Aug23_STPublicList.pdf,
8/1/23,8/10/23,8/31/23,USA,SUPER MICRO COMPUTER,"SUPER MICRO COMPUTER, INC. (XNAS:SMCI)",PROMOTION,small_cap,standard,MSCI_Aug23_SCPublicList.pdf;MSCI_Aug23_STPublicList.pdf,
8/1/23,8/10/23,8/31/23,USA,UGI CORP,UGI CORPORATION (XNYS:UGI),DEMOTION,standard,small_cap,MSCI_Aug23_SCPublicList.pdf;MSCI_Aug23_STPublicList.pdf,
11/1/23,11/14/23,11/30/23,USA,ARAMARK,ARAMARK (XNYS:ARMK),DEMOTION,standard,small_cap,MSCI_Nov23_SCPublicList.pdf;MSCI_Nov23_STPublicList.pdf,
11/1/23,11/14/23,11/30/23,USA,ARROW ELECTRONICS,"ARROW ELECTRONICS, INC. (XNYS:ARW)",DEMOTION,standard,small_cap,MSCI_Nov23_SCPublicList.pdf;MSCI_Nov23_STPublicList.pdf,
11/1/23,11/14/23,11/30/23,USA,CELSIUS HLDGS,CELSIUS HLDGS (XNAS:CELH),PROMOTION,small_cap,standard,MSCI_Nov23_SCPublicList.pdf;MSCI_Nov23_STPublicList.pdf,
11/1/23,11/14/23,11/30/23,USA,CHEWY A,"CHEWY, INC. (XNYS:CHWY)",DEMOTION,standard,small_cap,MSCI_Nov23_SCPublicList.pdf;MSCI_Nov23_STPublicList.pdf,
11/1/23,11/14/23,11/30/23,USA,CLARIVATE,CLARIVATE Plc (XNYS:CLVT),DEMOTION,standard,small_cap,MSCI_Nov23_SCPublicList.pdf;MSCI_Nov23_STPublicList.pdf,
11/1/23,11/14/23,11/30/23,USA,CNH INDUSTRIAL (US),CNH Industrial NV (XNYS:CNH),ADD,none,standard,MSCI_Nov23_STPublicList.pdf,
11/1/23,11/14/23,11/30/23,USA,COGNEX CORP,COGNEX CORPORATION (XNAS:CGNX),DEMOTION,standard,small_cap,MSCI_Nov23_SCPublicList.pdf;MSCI_Nov23_STPublicList.pdf,
11/1/23,11/14/23,11/30/23,USA,DENTSPLY SIRONA,DENTSPLY SIRONA INC. (XNAS:XRAY),DEMOTION,standard,small_cap,MSCI_Nov23_SCPublicList.pdf;MSCI_Nov23_STPublicList.pdf,
11/1/23,11/14/23,11/30/23,USA,FIRST HORIZON NATIONAL,FIRST HORIZON NATIONAL (XNYS:FHN),DEMOTION,standard,small_cap,MSCI_Nov23_SCPublicList.pdf;MSCI_Nov23_STPublicList.pdf,
11/1/23,11/14/23,11/30/23,USA,GENERAC HOLDINGS,GENERAC HOLDINGS INC. (XNYS:GNRC),DEMOTION,standard,small_cap,MSCI_Nov23_SCPublicList.pdf;MSCI_Nov23_STPublicList.pdf,
11/1/23,11/14/23,11/30/23,USA,HEALTHCARE REALTY T(NEW),HEALTHCARE REALTY TRUST INCORPORATED (XNYS:HR),DEMOTION,standard,small_cap,MSCI_Nov23_SCPublicList.pdf;MSCI_Nov23_STPublicList.pdf,
11/1/23,11/14/23,11/30/23,USA,INVESCO LTD,INVESCO LTD (XNYS:IVZ),DEMOTION,standard,small_cap,MSCI_Nov23_SCPublicList.pdf;MSCI_Nov23_STPublicList.pdf,
11/1/23,11/14/23,11/30/23,USA,MOHAWK INDUSTRIES,"MOHAWK INDUSTRIES, INC. (XNYS:MHK)",DEMOTION,standard,small_cap,MSCI_Nov23_SCPublicList.pdf;MSCI_Nov23_STPublicList.pdf,
11/1/23,11/14/23,11/30/23,USA,SEALED AIR CORP,SEALED AIR CORPORATION (XNYS:SEE),DEMOTION,standard,small_cap,MSCI_Nov23_SCPublicList.pdf;MSCI_Nov23_STPublicList.pdf,
11/1/23,11/14/23,11/30/23,USA,SENSATA TECH HLDG,SENSATA TECH HLDG (XNYS:ST),DEMOTION,standard,small_cap,MSCI_Nov23_SCPublicList.pdf;MSCI_Nov23_STPublicList.pdf,
11/1/23,11/14/23,11/30/23,USA,SOLAREDGE TECHNOLOGIES,"SOLAREDGE TECHNOLOGIES, INC. (XNAS:SEDG)",DEMOTION,standard,small_cap,MSCI_Nov23_SCPublicList.pdf;MSCI_Nov23_STPublicList.pdf,
11/1/23,11/14/23,11/30/23,USA,VERTIV HOLDINGS A,VERTIV HOLDINGS A (XNYS:VRT),ADD,none,standard,MSCI_Nov23_STPublicList.pdf,
11/1/23,11/14/23,11/30/23,USA,WEBSTER FINANCIAL CORP,WEBSTER FINANCIAL CORPORATION (XNYS:WBS),DEMOTION,standard,small_cap,MSCI_Nov23_SCPublicList.pdf;MSCI_Nov23_STPublicList.pdf,
11/1/23,11/14/23,11/30/23,USA,WHIRLPOOL CORP,WHIRLPOOL CORPORATION (XNYS:WHR),DEMOTION,standard,small_cap,MSCI_Nov23_SCPublicList.pdf;MSCI_Nov23_STPublicList.pdf,
11/1/23,11/14/23,11/30/23,USA,WOLFSPEED,"WOLFSPEED, INC. (XNYS:WOLF)",DEMOTION,standard,small_cap,MSCI_Nov23_SCPublicList.pdf;MSCI_Nov23_STPublicList.pdf,
11/1/23,11/14/23,11/30/23,USA,ZOOMINFO TECH A,ZOOMINFO TECH A (XNAS:GTM),DEMOTION,standard,small_cap,MSCI_Nov23_SCPublicList.pdf;MSCI_Nov23_STPublicList.pdf,
5/1/24,5/14/24,5/31/24,USA,BILL HOLDINGS,"BILL HOLDINGS, INC. (XNYS:BILL)",DEMOTION,standard,small_cap,MSCI_May24_SCPublicList.pdf;MSCI_May24_STPublicList.pdf,
5/1/24,5/14/24,5/31/24,USA,BORGWARNER,BORGWARNER INC. (XNYS:BWA),DEMOTION,standard,small_cap,MSCI_May24_SCPublicList.pdf;MSCI_May24_STPublicList.pdf,
5/1/24,5/14/24,5/31/24,USA,CRH (US),CRH PUBLIC LIMITED COMPANY (XNYS:CRH),ADD,none,standard,MSCI_May24_STPublicList.pdf,
5/1/24,5/14/24,5/31/24,USA,DARLING INGREDIENTS,DARLING INGREDIENTS INC. (XNYS:DAR),DEMOTION,standard,small_cap,MSCI_May24_SCPublicList.pdf;MSCI_May24_STPublicList.pdf,
5/1/24,5/14/24,5/31/24,USA,DROPBOX A,"DROPBOX, INC. (XNAS:DBX)",DEMOTION,standard,small_cap,MSCI_May24_SCPublicList.pdf;MSCI_May24_STPublicList.pdf,
5/1/24,5/14/24,5/31/24,USA,EMCOR GROUP,"EMCOR GROUP, INC. (XNYS:EME)",PROMOTION,small_cap,standard,MSCI_May24_SCPublicList.pdf;MSCI_May24_STPublicList.pdf,
5/1/24,5/14/24,5/31/24,USA,FMC CORP,FMC CORPORATION (XNYS:FMC),DEMOTION,standard,small_cap,MSCI_May24_SCPublicList.pdf;MSCI_May24_STPublicList.pdf,
5/1/24,5/14/24,5/31/24,USA,GLOBE LIFE,GLOBE LIFE INC. (XNYS:GL PR D),DEMOTION,standard,small_cap,MSCI_May24_SCPublicList.pdf;MSCI_May24_STPublicList.pdf,
5/1/24,5/14/24,5/31/24,USA,HASBRO,"Hasbro, Inc. (XNAS:HAS)",DEMOTION,standard,small_cap,MSCI_May24_SCPublicList.pdf;MSCI_May24_STPublicList.pdf,
5/1/24,5/14/24,5/31/24,USA,JAZZ PHARMACEUTICALS,JAZZ PHARMACEUTICALS PUBLIC LIMITED COMPANY (XNAS:JAZZ),DEMOTION,standard,small_cap,MSCI_May24_SCPublicList.pdf;MSCI_May24_STPublicList.pdf,
5/1/24,5/14/24,5/31/24,USA,LEAR CORP,LEAR CORPORATION (XNYS:LEA),DEMOTION,standard,small_cap,MSCI_May24_SCPublicList.pdf;MSCI_May24_STPublicList.pdf,
5/1/24,5/14/24,5/31/24,USA,LIBERTY BROADBAND C,LIBERTY BROADBAND C (XNAS:LBRK),DEMOTION,standard,small_cap,MSCI_May24_SCPublicList.pdf;MSCI_May24_STPublicList.pdf,
5/1/24,5/14/24,5/31/24,USA,LIBERTY GLOBAL C,LIBERTY GLOBAL C (XNAS:LBTYK),DEMOTION,standard,small_cap,MSCI_May24_SCPublicList.pdf;MSCI_May24_STPublicList.pdf,
5/1/24,5/14/24,5/31/24,USA,LIBERTY SIRIUSXM C,LIBERTY SIRIUSXM C (XNAS:LSXMK),DEMOTION,standard,small_cap,MSCI_May24_SCPublicList.pdf;MSCI_May24_STPublicList.pdf,
5/1/24,5/14/24,5/31/24,USA,MICROSTRATEGY,STRATEGY INC (XBUE:MSTRB2),PROMOTION,small_cap,standard,MSCI_May24_SCPublicList.pdf;MSCI_May24_STPublicList.pdf,
5/1/24,5/14/24,5/31/24,USA,PURE STORAGE,"PURE STORAGE, INC. (XNYS:PSTG)",PROMOTION,small_cap,standard,MSCI_May24_SCPublicList.pdf;MSCI_May24_STPublicList.pdf,
5/1/24,5/14/24,5/31/24,USA,ROBERT HALF,ROBERT HALF INC. (XNYS:RHI),DEMOTION,standard,small_cap,MSCI_May24_SCPublicList.pdf;MSCI_May24_STPublicList.pdf,
5/1/24,5/14/24,5/31/24,USA,SIRIUS XM HOLDINGS,SIRIUS XM HOLDINGS INC. (XNAS:SIRI),DEL,standard,none,MSCI_May24_STPublicList.pdf,
5/1/24,5/14/24,5/31/24,USA,VAIL RESORTS,"VAIL RESORTS, INC. (XNYS:MTN)",DEMOTION,standard,small_cap,MSCI_May24_SCPublicList.pdf;MSCI_May24_STPublicList.pdf,
8/1/24,8/12/24,8/30/24,USA,CAESARS ENT INC,CAESARS ENT INC (XNAS:CZR),DEMOTION,standard,small_cap,MSCI_Aug24_SCPublicList.pdf;MSCI_Aug24_STPublicList.pdf,
8/1/24,8/12/24,8/30/24,USA,CLEVELAND CLIFFS,CLEVELAND-CLIFFS INC. (XNYS:CLF),DEMOTION,standard,small_cap,MSCI_Aug24_SCPublicList.pdf;MSCI_Aug24_STPublicList.pdf,
8/1/24,8/12/24,8/30/24,USA,CONFLUENT A,"CONFLUENT, INC. (XNAS:CFLT)",DEMOTION,standard,small_cap,MSCI_Aug24_SCPublicList.pdf;MSCI_Aug24_STPublicList.pdf,
8/1/24,8/12/24,8/30/24,USA,ETSY,"ETSY, INC. (XNYS:ETSY)",DEMOTION,standard,small_cap,MSCI_Aug24_SCPublicList.pdf;MSCI_Aug24_STPublicList.pdf,
8/1/24,8/12/24,8/30/24,USA,FLUTTER ENTMT(US),FLUTTER ENTMT(US) (XNYS:FLUT),ADD,none,standard,MSCI_Aug24_STPublicList.pdf,
8/1/24,8/12/24,8/30/24,USA,LATTICE SEMICONDUCTOR,LATTICE SEMICONDUCTOR CORPORATION (XNAS:LSCC),DEMOTION,standard,small_cap,MSCI_Aug24_SCPublicList.pdf;MSCI_Aug24_STPublicList.pdf,
8/1/24,8/12/24,8/30/24,USA,PAYLOCITY HOLDING CORP,PAYLOCITY HOLDING CORPORATION (XNAS:PCTY),DEMOTION,standard,small_cap,MSCI_Aug24_SCPublicList.pdf;MSCI_Aug24_STPublicList.pdf,
8/1/24,8/12/24,8/30/24,USA,REPLIGEN CORP,REPLIGEN CORPORATION (XNAS:RGEN),DEMOTION,standard,small_cap,MSCI_Aug24_SCPublicList.pdf;MSCI_Aug24_STPublicList.pdf,
8/1/24,8/12/24,8/30/24,USA,UIPATH A,"UIPATH, INC. (XNYS:PATH)",DEL,standard,none,MSCI_Aug24_STPublicList.pdf,
8/1/24,8/12/24,8/30/24,USA,UNITY SOFTWARE,Unity Software Inc (XNYS:U),DEL,standard,none,MSCI_Aug24_STPublicList.pdf,
11/1/24,11/6/24,11/25/24,USA,BATH & BODY WORKS,"BATH & BODY WORKS, INC. (XNYS:BBWI)",DEMOTION,standard,small_cap,MSCI_Nov24_SCPublicList.pdf;MSCI_Nov24_STPublicList.pdf,
11/1/24,11/6/24,11/25/24,USA,CARVANA A,CARVANA CO. (XNYS:CVNA),PROMOTION,small_cap,standard,MSCI_Nov24_SCPublicList.pdf;MSCI_Nov24_STPublicList.pdf,
11/1/24,11/6/24,11/25/24,USA,CELSIUS HLDGS,CELSIUS HLDGS (XNAS:CELH),DEMOTION,standard,small_cap,MSCI_Nov24_SCPublicList.pdf;MSCI_Nov24_STPublicList.pdf,
11/1/24,11/6/24,11/25/24,USA,CHORD ENERGY CORP,CHORD ENERGY CORPORATION (XNAS:CHRD),DEMOTION,standard,small_cap,MSCI_Nov24_SCPublicList.pdf;MSCI_Nov24_STPublicList.pdf,
11/1/24,11/6/24,11/25/24,USA,NUTANIX A,"NUTANIX, INC. (XNAS:NTNX)",PROMOTION,small_cap,standard,MSCI_Nov24_SCPublicList.pdf;MSCI_Nov24_STPublicList.pdf,
11/1/24,11/6/24,11/25/24,USA,PARAMOUNT GLOBAL B,PARAMOUNT GLOBAL B (XNAS:PARA),DEMOTION,standard,small_cap,MSCI_Nov24_SCPublicList.pdf;MSCI_Nov24_STPublicList.pdf,
2/1/25,2/11/25,2/28/25,USA,AES CORP,THE AES CORPORATION (XNYS:AES),DEMOTION,standard,small_cap,MSCI_Feb25_SCPublicList.pdf;MSCI_Feb25_STPublicList.pdf,
2/1/25,2/11/25,2/28/25,USA,APA CORPORATION,APA CORPORATION (XNAS:APA),DEMOTION,standard,small_cap,MSCI_Feb25_SCPublicList.pdf;MSCI_Feb25_STPublicList.pdf,
2/1/25,2/11/25,2/28/25,USA,CELANESE CORP,CELANESE CORPORATION (XNYS:CE),DEL,standard,none,MSCI_Feb25_STPublicList.pdf,
2/1/25,2/11/25,2/28/25,USA,CHARLES RIVER LABS INTL,CHARLES RIVER LABS INTL (XNYS:CRL),DEL,standard,none,MSCI_Feb25_STPublicList.pdf,
2/1/25,2/11/25,2/28/25,USA,ENPHASE ENERGY,"ENPHASE ENERGY, INC. (XNAS:ENPH)",DEL,standard,none,MSCI_Feb25_STPublicList.pdf,
2/1/25,2/11/25,2/28/25,USA,HENRY SCHEIN,"HENRY SCHEIN, INC. (XNAS:HSIC)",DEL,standard,none,MSCI_Feb25_STPublicList.pdf,
2/1/25,2/11/25,2/28/25,USA,HF SINCLAIR,HF SINCLAIR CORPORATION (XNYS:DINO),DEL,standard,none,MSCI_Feb25_STPublicList.pdf,
2/1/25,2/11/25,2/28/25,USA,HUNTINGTON INGALLS IND,HUNTINGTON INGALLS IND (XNYS:HII),DEL,standard,none,MSCI_Feb25_STPublicList.pdf,
2/1/25,2/11/25,2/28/25,USA,INTERACTIVE BKRS GRP A,INTERACTIVE BKRS GRP A (XNAS:IBKR),ADD,none,standard,MSCI_Feb25_STPublicList.pdf,
2/1/25,2/11/25,2/28/25,USA,KNIGHT-SWIFT TRANSPORT,KNIGHT-SWIFT TRANSPORT (XNYS:KNX),DEL,standard,none,MSCI_Feb25_STPublicList.pdf,
2/1/25,2/11/25,2/28/25,USA,LAMB WESTON HOLDINGS,"LAMB WESTON HOLDINGS, INC. (XNYS:LW)",DEL,standard,none,MSCI_Feb25_STPublicList.pdf,
2/1/25,2/11/25,2/28/25,USA,MARKETAXESS HLDGS,MARKETAXESS HLDGS (XNAS:MKTX),DEL,standard,none,MSCI_Feb25_STPublicList.pdf,
2/1/25,2/11/25,2/28/25,USA,MATCH GROUP (NEW),"MATCH GROUP, INC. (XNAS:MTCH)",DEL,standard,none,MSCI_Feb25_STPublicList.pdf,
2/1/25,2/11/25,2/28/25,USA,MOSAIC CO (THE),THE MOSAIC COMPANY (XNYS:MOS),DEL,standard,none,MSCI_Feb25_STPublicList.pdf,
2/1/25,2/11/25,2/28/25,USA,NATERA,"NATERA, INC. (XNAS:NTRA)",ADD,none,standard,MSCI_Feb25_STPublicList.pdf,
2/1/25,2/11/25,2/28/25,USA,QORVO,"QORVO, INC. (XNAS:QRVO)",DEL,standard,none,MSCI_Feb25_STPublicList.pdf,
2/1/25,2/11/25,2/28/25,USA,REDDIT A,REDDIT INC. (XNYS:RDDT),ADD,none,standard,MSCI_Feb25_STPublicList.pdf,
2/1/25,2/11/25,2/28/25,USA,TELEFLEX,TELEFLEX INCORPORATED (XNYS:TFX),DEL,standard,none,MSCI_Feb25_STPublicList.pdf,
2/1/25,2/11/25,2/28/25,USA,TORO CO,THE TORO COMPANY (XNYS:TTC),DEL,standard,none,MSCI_Feb25_STPublicList.pdf,
2/1/25,2/11/25,2/28/25,USA,UNITED AIRLINES HOLDINGS,"UNITED AIRLINES HOLDINGS, INC. (XNAS:UAL)",ADD,none,standard,MSCI_Feb25_STPublicList.pdf,
5/1/25,5/13/25,5/30/25,USA,ALBEMARLE CORP,ALBEMARLE CORPORATION (XNYS:ALB PR A),DEMOTION,standard,small_cap,MSCI_May25_SCPublicList.pdf;MSCI_May25_STPublicList.pdf,
5/1/25,5/13/25,5/30/25,USA,ALLY FINANCIAL,ALLY FINANCIAL INC. (XNYS:ALLY),DEMOTION,standard,small_cap,MSCI_May25_SCPublicList.pdf;MSCI_May25_STPublicList.pdf,
5/1/25,5/13/25,5/30/25,USA,ASSURANT,"ASSURANT, INC. (XNYS:AIZN)",DEMOTION,standard,small_cap,MSCI_May25_SCPublicList.pdf;MSCI_May25_STPublicList.pdf,
5/1/25,5/13/25,5/30/25,USA,BIO-RAD LABORATORIES A,BIO-RAD LABORATORIES A (XNYS:BIO),DEMOTION,standard,small_cap,MSCI_May25_SCPublicList.pdf;MSCI_May25_STPublicList.pdf,
5/1/25,5/13/25,5/30/25,USA,BIO-TECHNE CORP,BIO-TECHNE CORPORATION (XNAS:TECH),DEMOTION,standard,small_cap,MSCI_May25_SCPublicList.pdf;MSCI_May25_STPublicList.pdf,
5/1/25,5/13/25,5/30/25,USA,CARMAX,"CarMax, Inc. (XNYS:KMX)",DEMOTION,standard,small_cap,MSCI_May25_SCPublicList.pdf;MSCI_May25_STPublicList.pdf,
5/1/25,5/13/25,5/30/25,USA,DAYFORCE,"DAYFORCE, INC. (XNYS:DAY)",DEMOTION,standard,small_cap,MSCI_May25_SCPublicList.pdf;MSCI_May25_STPublicList.pdf,
5/1/25,5/13/25,5/30/25,USA,EASTMAN CHEMICAL CO,EASTMAN CHEMICAL COMPANY (XNYS:EMN),DEMOTION,standard,small_cap,MSCI_May25_SCPublicList.pdf;MSCI_May25_STPublicList.pdf,
5/1/25,5/13/25,5/30/25,USA,EPAM SYSTEMS,"EPAM SYSTEMS, INC. (XNYS:EPAM)",DEMOTION,standard,small_cap,MSCI_May25_SCPublicList.pdf;MSCI_May25_STPublicList.pdf,
5/1/25,5/13/25,5/30/25,USA,EXACT SCIENCES CORP,EXACT SCIENCES CORPORATION (XNAS:EXAS),DEMOTION,standard,small_cap,MSCI_May25_SCPublicList.pdf;MSCI_May25_STPublicList.pdf,
5/1/25,5/13/25,5/30/25,USA,FORTUNE BRANDS INNOV,FORTUNE BRANDS INNOV (XNYS:FBIN),DEMOTION,standard,small_cap,MSCI_May25_SCPublicList.pdf;MSCI_May25_STPublicList.pdf,
5/1/25,5/13/25,5/30/25,USA,FRANKLIN RESOURCES,"FRANKLIN RESOURCES, INC. (XNYS:BEN)",DEMOTION,standard,small_cap,MSCI_May25_SCPublicList.pdf;MSCI_May25_STPublicList.pdf,
5/1/25,5/13/25,5/30/25,USA,HOST HOTELS & RESORTS,"HOST HOTELS & RESORTS, INC. (XNAS:HST)",DEMOTION,standard,small_cap,MSCI_May25_SCPublicList.pdf;MSCI_May25_STPublicList.pdf,
5/1/25,5/13/25,5/30/25,USA,INTERPUBLIC GROUP OF COS,INTERPUBLIC GROUP OF COS (XNYS:IPG),DEMOTION,standard,small_cap,MSCI_May25_SCPublicList.pdf;MSCI_May25_STPublicList.pdf,
5/1/25,5/13/25,5/30/25,USA,MANHATTAN ASSOCIATES,"MANHATTAN ASSOCIATES, INC. (XNAS:MANH)",DEMOTION,standard,small_cap,MSCI_May25_SCPublicList.pdf;MSCI_May25_STPublicList.pdf,
5/1/25,5/13/25,5/30/25,USA,MGM RESORTS INTL,MGM RESORTS INTERNATIONAL (XNYS:MGM),DEMOTION,standard,small_cap,MSCI_May25_SCPublicList.pdf;MSCI_May25_STPublicList.pdf,
5/1/25,5/13/25,5/30/25,USA,MODERNA,"MODERNA, INC. (XNAS:MRNA)",DEMOTION,standard,small_cap,MSCI_May25_SCPublicList.pdf;MSCI_May25_STPublicList.pdf,
5/1/25,5/13/25,5/30/25,USA,OVINTIV(US),OVINTIV INC. (XNYS:OVV),DEMOTION,standard,small_cap,MSCI_May25_SCPublicList.pdf;MSCI_May25_STPublicList.pdf,
5/1/25,5/13/25,5/30/25,USA,ROKU A,"ROKU, INC. (XNAS:ROKU)",DEMOTION,standard,small_cap,MSCI_May25_SCPublicList.pdf;MSCI_May25_STPublicList.pdf,
5/1/25,5/13/25,5/30/25,USA,SEI INVESTMENTS CO,SEI INVESTMENTS COMPANY (XNAS:SEIC),DEMOTION,standard,small_cap,MSCI_May25_SCPublicList.pdf;MSCI_May25_STPublicList.pdf,
5/1/25,5/13/25,5/30/25,USA,SKYWORKS SOLUTIONS,"SKYWORKS SOLUTIONS, INC. (XNAS:SWKS)",DEMOTION,standard,small_cap,MSCI_May25_SCPublicList.pdf;MSCI_May25_STPublicList.pdf,
5/1/25,5/13/25,5/30/25,USA,SMITH (A.O.) CORP,SMITH (A.O.) CORP (XNYS:AOS),DEMOTION,standard,small_cap,MSCI_May25_SCPublicList.pdf;MSCI_May25_STPublicList.pdf,
5/1/25,5/13/25,5/30/25,USA,SOUTHWEST AIRLINES CO,SOUTHWEST AIRLINES CO. (XNYS:LUV),DEL,standard,none,MSCI_May25_STPublicList.pdf,
5/1/25,5/13/25,5/30/25,USA,STANLEY BLACK & DECKER,"STANLEY BLACK & DECKER, INC. (XNYS:SWK)",DEMOTION,standard,small_cap,MSCI_May25_SCPublicList.pdf;MSCI_May25_STPublicList.pdf,
5/1/25,5/13/25,5/30/25,USA,VIATRIS,VIATRIS INC. (XNAS:VTRS),DEL,standard,none,MSCI_May25_STPublicList.pdf,
5/1/25,5/13/25,5/30/25,USA,WALGREENS BOOTS ALLIANCE,"WALGREENS BOOTS ALLIANCE, INC. (XMEX:WBA*)",DEL,standard,none,MSCI_May25_STPublicList.pdf,
5/1/25,5/13/25,5/30/25,USA,WESTLAKE CORPORATION,WESTLAKE CORPORATION (XNYS:WLK),DEL,standard,none,MSCI_May25_STPublicList.pdf,
5/1/25,5/13/25,5/30/25,USA,WYNN RESORTS,"WYNN RESORTS, LIMITED (XNAS:WYNN)",DEL,standard,none,MSCI_May25_STPublicList.pdf,
8/1/25,8/7/25,8/26/25,USA,AFFIRM HOLDINGS A,"AFFIRM HOLDINGS, INC. (XNAS:AFRM)",PROMOTION,small_cap,standard,MSCI_Aug25_SCPublicList.pdf;MSCI_Aug25_STPublicList.pdf,
8/1/25,8/7/25,8/26/25,USA,AVANTOR,"AVANTOR, INC. (XNYS:AVTR)",DEMOTION,standard,small_cap,MSCI_Aug25_SCPublicList.pdf;MSCI_Aug25_STPublicList.pdf,
8/1/25,8/7/25,8/26/25,USA,CONAGRA BRANDS,"CONAGRA BRANDS, INC. (XNYS:CAG)",DEMOTION,standard,small_cap,MSCI_Aug25_SCPublicList.pdf;MSCI_Aug25_STPublicList.pdf,
8/1/25,8/7/25,8/26/25,USA,LKQ CORP,LKQ CORPORATION (XNAS:LKQ),DEMOTION,standard,small_cap,MSCI_Aug25_SCPublicList.pdf;MSCI_Aug25_STPublicList.pdf,
8/1/25,8/7/25,8/26/25,USA,ROCKET LAB CORP,ROCKET LAB CORPORATION (XNAS:RKLB),PROMOTION,small_cap,standard,MSCI_Aug25_SCPublicList.pdf;MSCI_Aug25_STPublicList.pdf,
8/1/25,8/7/25,8/26/25,USA,SOFI TECHNOLOGIES,"SOFI TECHNOLOGIES, INC. (XNAS:SOFI)",ADD,none,standard,MSCI_Aug25_STPublicList.pdf,
8/1/25,8/7/25,8/26/25,USA,TAPESTRY,"TAPESTRY, INC. (XNYS:TPR)",ADD,none,standard,MSCI_Aug25_STPublicList.pdf,
8/1/25,8/7/25,8/26/25,USA,THE CAMPBELL'S,THE CAMPBELL'S COMPANY (XNAS:CPB),DEL,standard,none,MSCI_Aug25_STPublicList.pdf,